ID;Name_lang;Pos;ContinentID;AreaID;Icon;Importance
1;Anvilmar;-6134.27978515625,383.76300048828125,0;0;132;6;3
2;Brill;2249.85009765625,278.4138488769531,0;0;0;6;3
3;Darkshire;-10564.7001953125,-1170.6500244140625,0;0;-1;4;3
4;Deathknell;1879.832275390625,1588.2027587890625,0;0;0;6;3
5;Dun Algaz;-4191.0234375,-2373.14013671875,0;0;0;6;3
6;Dun Modr;-2610.25830078125,-2350.558349609375,0;0;0;6;3
7;Goldshire;-9480.0888671875,63.52175521850586,0;0;0;6;3
8;Ironforge;-5021,-834.0590209960938,0;0;-1;5;3
9;Kharanos;-5585.95068359375,-482.12652587890625,0;0;0;6;2
10;Lakeshire;-9227.6904296875,-2201.469970703125,0;0;-1;4;3
11;Menethil Harbor;-3672.699951171875,-828.4550170898438,0;0;-1;4;3
12;Moonbrook;-11017.06640625,1510.16796875,0;0;0;6;3
13;Northshire Abbey;-8896.1591796875,-179.32833862304688,0;0;0;6;3
14;Raven Hill;-10752.5263671875,310.4333801269531,0;0;0;6;3
15;Sentinel Hill;-10503.7001953125,1027.760009765625,0;0;-1;4;3
16;Stormwind;-9153.76953125,364.0570068359375,0;0;-1;5;3
17;The Sepulcher;508.072998046875,1619.02001953125,0;0;-1;4;3
18;The Undercity;1849.68994140625,235.69900512695312,0;0;-1;5;4
19;Thelsamar;-5349.27001953125,-2959.909912109375,0;0;-1;4;3
20;Alliance;-448.98199462890625,-1028.219970703125,0;37;0;0;0
21;Horde;-669.1339721679688,-483.28900146484375,0;37;0;0;0
22;Southshore;-803.031005859375,-531.7269897460938,0;0;-1;4;3
23;Tarren Mill;-27.035400390625,-900.56201171875,0;0;-1;4;3
24;Refuge Pointe;-1251.050048828125,-2526.81005859375,0;0;0;6;3
25;Hammerfall;-991.5700073242188,-3528.340087890625,0;0;-1;4;3
26;Kargath;-6676.419921875,-2186.679931640625,0;0;-1;4;3
27;Angor Fortress;-6392.64990234375,-3158,0;0;0;6;3
28;Bloodhoof Village;-2323.919921875,-394.9809875488281,0;1;0;6;3
29;Thunder Bluff;-1205.4100341796875,29.42140007019043,0;1;-1;5;3
30;Camp Narache;-2906.489990234375,-253.60699462890625,0;1;0;6;3
31;Razor Hill;312.65899658203125,-4745.52001953125,0;1;362;6;3
32;The Den;-604.0980224609375,-4202.919921875,0;1;0;6;3
33;Orgrimmar;1381.77001953125,-4371.16015625,0;1;-1;5;3
34;Sen'jin Village;-819.4920043945312,-4918.240234375,0;1;367;6;3
35;The Crossroads;-455.8999938964844,-2652.14990234375,0;1;-1;4;3
36;Aldrassil;10462.7001953125,805.9929809570312,0;1;188;4;3
37;Dolanaar;9787.990234375,949.89697265625,0;1;-1;4;3
38;Darnassus;9951.75,2254.5,0;1;-1;5;3
39;Ratchet;-951.364013671875,-3680.070068359375,0;1;0;4;3
40;Booty Bay;-14383.2998046875,487.1390075683594,0;0;0;4;3
41;Grom'gol Base Camp;-12378.400390625,185.73399353027344,0;0;-1;4;3
42;Astranaar;2720.429931640625,-382.3909912109375,0;1;-1;4;3
44;Stonetalon Peak;2658.780029296875,1449.7099609375,0;1;0;4;3
45;Thalanaar;-4510.02978515625,-779.4739990234375,0;1;0;4;3
46;Freewind Post;-5454.06982421875,-2445.5,0;1;0;4;3
227;Mirror Lake;-9389.259765625,458.427001953125,0;0;-1;2;0
247;Slaughter Hollow;861.2160034179688,-558.2169799804688,0;0;282;2;0
327;Drywhisker Gorge;-1014.219970703125,-3827.389892578125,0;0;321;6;0
701;Sun Rock Retreat;936.3079833984375,910.9739990234375,0;1;-1;4;3
707;Temple of Zin-Malor;3549.14990234375,-5359.1201171875,0;1;1221;6;0
708;Hetaera's Clutch;3556.639892578125,-6232.7900390625,0;1;1227;6;0
709;Uther's Tomb;969.176025390625,-1825.52001953125,0;0;197;6;0
710;Scholomance;1262.18994140625,-2579.409912109375,0;0;-1;6;0
767;Whitereach Post;-4917.35009765625,-1375.5,0;1;480;6;0
788;Stonard;-10443.7001953125,-3277.489990234375,0;0;-1;4;3
789;Gadgetzan;-7139.14990234375,-3752.110107421875,0;1;-1;4;3
790;Camp Mojache;-4394.97998046875,215.61099243164062,0;1;-1;4;3
791;Theramore Isle;-3680.169921875,-4388.509765625,0;1;-1;4;3
792;Aerie Peak;234.85000610351562,-2127.760009765625,0;0;-1;4;3
794;Everlook;6723.4599609375,-4662.5,0;1;-1;4;3
795;Shadowprey Village;-1657.8499755859375,3097.919921875,0;1;-1;4;3
796;Feathermoon Stronghold;-4434.990234375,3276.739990234375,0;1;-1;4;3
798;Auberdine;6439.330078125,411.95098876953125,0;1;-1;4;3
799;Nijel's Point;202.52099609375,1308.239990234375,0;1;-1;4;3
907;Aldrassil;10479.599609375,812.281005859375,0;1;188;6;0
908;Shadowthread Cave;10756.2001953125,921.301025390625,0;1;188;6;0
909;Fel Rock;10050.599609375,1031.199951171875,0;1;186;6;0
911;Ban'ethil Barrow Den;9864.169921875,1557.4100341796875,0;1;736;6;0
912;The Cleft;10316.400390625,1200.6199951171875,0;1;266;6;0
913;Razorwind Canyon;636.9630126953125,-4534.0400390625,0;1;410;6;0
929;Tor'kren Farm;726.2969970703125,-4242.41015625,0;1;369;6;0
947;Steelgrill's Depot;-5488.0400390625,-658.6699829101562,0;0;131;6;0
948;Ironband's Compound;-5858.7001953125,-2004.0999755859375,0;0;212;6;0
949;Echo Ridge Mine;-8676.5703125,-119.63400268554688,0;0;24;6;0
950;Maclure Vineyards;-9948.3896484375,69.15679931640625,0;0;57;6;0
951;Stonefield Farm;-9901.1396484375,378.19000244140625,0;0;57;6;0
954;Northshire Vineyards;-9067.349609375,-333.9649963378906,0;0;24;6;0
955;Tower of Ilgalar;-9281.330078125,-3318.81005859375,0;0;1000;6;0
956;Render's Rock;-8674.1201171875,-2290.050048828125,0;0;996;6;0
1007;Spirit Den;-13751.400390625,-18.316499710083008,0;0;1737;6;0
1008;Rethban Caverns;-8970.759765625,-2002.699951171875,0;0;-1;6;0
1010;Boulderfist Outpost;-1194.050048828125,-2119.159912109375,0;0;1858;6;0
1011;Grosh'gok Compound;-11112.2001953125,-2335.6298828125,0;0;2561;6;0
1012;Stagalbog Cave;-10803.2001953125,-3739.010009765625,0;0;1797;6;0
1013;Temple of Atal'Hakkar;-10429.900390625,-3828.52001953125,0;0;74;6;0
1014;The Tower of Arathor;-1778.2099609375,-1513.1600341796875,0;0;324;6;0
1015;Wildhammer Keep;316.9460144042969,-2119.300048828125,0;0;348;6;0
1016;Night Web's Hollow;2046.1099853515625,1829.449951171875,0;0;154;6;0
1017;Terrorweb Tunnel;3035.330078125,-2773.89990234375,0;0;2627;6;0
1018;Browman Mill;2483.97998046875,-5183.7900390625,0;0;2271;6;0
1027;Uldaman;-6092.009765625,-3179.35009765625,0;0;1897;6;0
1028;Dustbelch Grotto;-7320.58984375,-2265.090087890625,0;0;344;6;0
1029;Westbrook Garrison;-9615.7099609375,667.3270263671875,0;0;60;6;0
1030;Jasperlode Mine;-9184.5,-605.8909912109375,0;0;91;6;0
1031;Janeiro's Point;-14179.599609375,718,0;0;35;6;0
1032;Algaz Station;-4817.7900390625,-2666.699951171875,0;0;838;6;0
1033;Grim Batol;-4055,-3448.5400390625,0;0;1038;6;0
1047;Venture Co. Mine;-1501.489990234375,-1036.18994140625,0;1;820;6;0
1048;Blackwood Den;4619.419921875,25.612600326538086,0;1;449;6;0
1049;Wildbend River;5056.0400390625,220.7550048828125,0;1;448;6;0
1050;Cliffspring Falls;6870.56982421875,-662.39599609375,0;1;456;6;0
1067;Fray Island;-1668.510009765625,-4329.2001953125,0;1;-1;6;0
1068;Wailing Caverns;-837.968017578125,-2037,0;1;387;6;0
1087;Shady Rest Inn;-3723.6298828125,-2535.179931640625,0;1;2302;6;0
1088;Darkmist Cavern;-2829.7900390625,-2722.81005859375,0;1;496;6;0
1089;North Point Tower;-2884.7900390625,-3429.989990234375,0;1;496;6;0
1090;Bluefen;-2685.320068359375,-3087.580078125,0;1;496;6;0
1091;Lost Point;-3925.5,-2862.14990234375,0;1;2302;6;0
1092;Tidefury Cove;-4300.97998046875,-4062.7099609375,0;1;511;6;0
1093;Stonemaul Ruins;-4346.02001953125,-3321.14990234375,0;1;510;6;0
1094;Onyxia's Lair;-4698.06005859375,-3720.580078125,0;1;511;6;0
1095;Emberstrife's Den;-4987.72998046875,-3832.989990234375,0;1;511;6;0
1096;Bloodfen Burrow;-4335.0400390625,-2639.530029296875,0;1;509;6;0
1097;Sentry Point;-3476.590087890625,-4109.080078125,0;1;502;6;0
1098;Swamplight Manor;-2949.469970703125,-3893.5,0;1;502;6;0
1099;Irondeep Mine;793.7509765625,-330.1969909667969,0;30;0;3;0
1100;Stonehearth Outpost;1.667639970779419,-292.67498779296875,0;30;0;6;0
1101;Iceblood Garrison;-537.8070068359375,-168.36300659179688,0;30;0;6;0
1102;Coldtooth Mine;-946.9119873046875,-195.45399475097656,0;30;0;2;0
1103;Frostwolf Keep;-1369.010009765625,-225.3699951171875,0;30;0;6;0
1104;Marshal's Refuge;-6143.2099609375,-1078.8900146484375,0;1;538;6;0
1105;Fungal Rock;-6370.14990234375,-1836.52001953125,0;1;538;6;0
1106;Wavestrider Beach;-7693.4501953125,-4878.9599609375,0;1;1336;6;0
1107;Uldum;-9635.41015625,-2787.199951171875,0;1;990;6;0
1108;Darkcloud Pinnacle;-5086.2099609375,-1919.43994140625,0;1;2097;6;0
1109;Roguefeather Den;-5466.7099609375,-1636.27001953125,0;1;483;6;0
1110;Mirage Raceway;-6239.419921875,-3973.1201171875,0;1;439;6;0
1111;The Rustmaul Digsite;-6490.60986328125,-3449.14990234375,0;1;439;6;0
1112;Splithoof Hold;-5065.60986328125,-2367.610107421875,0;1;481;6;0
1113;The Weathered Nook;-5213.85009765625,-2794.530029296875,0;1;481;6;0
1114;Ironstone Camp;-5848.0498046875,-3412.3798828125,0;1;2303;6;0
1115;Weazel's Crater;-5799.93994140625,-3899.530029296875,0;1;439;6;0
1116;Tahonda Ruins;-6569.91015625,-3894.969970703125,0;1;439;6;0
1127;Roland's Doom;-11076,-1139.97998046875,0;0;241;6;0
1128;Beggar's Haunt;-10349.7001953125,-1538.800048828125,0;0;42;6;0
1147;Bolgan's Hole;-2281.949951171875,2499.60009765625,0;1;606;6;0
1148;Maraudon;-1422.6199951171875,2918.449951171875,0;1;607;6;0
1149;Ghost Walker Post;-1224.06005859375,1736.6700439453125,0;1;596;6;0
1150;Scrabblescrew's Camp;-1407.8699951171875,1493.1300048828125,0;1;602;6;0
1151;Valley of Bones;-2251.18994140625,1513.550048828125,0;1;602;6;0
1168;Rage Scar Hold;-3842.7099609375,1738.93994140625,0;1;1119;6;0
1169;Ruins of Solarsal;-4852.91015625,3616.6298828125,0;1;1117;6;0
1171;Ravaged Twilight Camp;-6206.25,1766.949951171875,0;1;2740;6;0
1172;Twilight Post;-6740.0400390625,1636.3199462890625,0;1;3098;6;0
1173;Twilight Outpost;-7929.10986328125,1833.280029296875,0;1;2743;6;0
1174;Woodpaw Hills;-4915.81005859375,199.27499389648438,0;1;1101;6;0
1175;Lariss Pavillion;-4052.719970703125,81.55249786376953,0;1;1103;6;0
1176;Slither Rock;-7652.52001953125,-3030.610107421875,0;0;2420;6;0
1177;Flame Crest;-7479.77001953125,-2186.39990234375,0;0;250;6;0
1187;Shalzaru's Lair;-5492.3701171875,3622.7900390625,0;1;1121;6;0
1208;Stormpike Graveyard;666.927001953125,-305.54400634765625,0;30;0;15;0
1209;Snowfall Graveyard;-202.69500732421875,-112.56900024414062,0;30;0;13;0
1210;Frostwolf Graveyard;-1083.31005859375,-307.4020080566406,0;30;0;13;0
1211;Scalebeard's Cave;3705.10009765625,-6043.4501953125,0;1;1227;6;0
1212;Timbermaw Hold;6900.6298828125,-2298.179931640625,0;1;2246;6;0
1213;The Ruins of Kel'Theril;6426.759765625,-4304.990234375,0;1;2251;6;0
1214;Dun Mandarr;5718.830078125,-4507.31005859375,0;1;2245;6;0
1215;Talrendis Point;2707.719970703125,-3869.25,0;1;1235;6;0
1216;Rethress Sanctum;2195.669921875,-6438.330078125,0;1;1256;6;0
1217;Moon Horror Den;7123.02001953125,-4631.56982421875,0;1;2255;6;0
1218;Timbermaw Hold;6817.77978515625,-2097.679931640625,0;1;1762;6;0
1219;Irontree Cavern;6481.8701171875,-1571,0;1;1767;6;0
1220;Bloodvenom Post;5111.97998046875,-353.40301513671875,0;1;1765;6;0
1227;Sishir Canyon;515.844970703125,624.0499877929688,0;1;2541;6;0
1228;Cragpool Lake;1543.5699462890625,70.13379669189453,0;1;461;6;0
1229;Windshear Mine;981.948974609375,-358.8999938964844,0;1;461;6;0
1230;The Talondeep Path;1531.93994140625,-576.5700073242188,0;1;461;6;0
1231;The Talon Den;2416.889892578125,1792.3900146484375,0;1;467;6;0
1232;The Ruins of Ordil'Aran;3493.889892578125,-119.60099792480469,0;1;413;6;0
1233;Bathran's Haunt;3827.3701171875,-161.30499267578125,0;1;413;6;0
1234;Zoram'gar Outpost;3362.219970703125,1010.1599731445312,0;1;414;6;0
1235;Falfarren River;2231.2099609375,-2222.909912109375,0;1;428;6;0
1237;Xavian;2936.56005859375,-2822.669921875,0;1;430;6;0
1238;Forest Song;2880.330078125,-3287.5400390625,0;1;430;6;0
1239;Demon Fall Canyon;1702.449951171875,-3150.989990234375,0;1;434;6;0
1240;Silverwing Outpost;1776.6400146484375,-2065.14990234375,0;1;422;6;0
1241;The Dor'Danil Barrow Den;1776.22998046875,-2678.360107421875,0;1;422;6;0
1242;Silverwind Refuge;2130.27001953125,-1190.25,0;1;421;6;0
1243;Greenpaw Village;2291.2900390625,-1444.9599609375,0;1;421;6;0
1244;Bloodtooth Camp;1612.52001953125,-1465.0999755859375,0;1;421;6;0
1245;The Talondeep Path;1930.260009765625,-732.677001953125,0;1;421;6;0
1246;Shrine of Remulos;7856.18017578125,-2215.449951171875,0;1;656;6;0
1247;Nighthaven;7961.75,-2491.77001953125,0;1;656;6;0
1248;Stormrage Barrow Dens;7564.509765625,-2951.719970703125,0;1;656;6;0
1249;Dun Baldar South Bunker;571.5349731445312,-80.54299926757812,0;30;0;11;0
1250;Dun Baldar North Bunker;668.0399780273438,-128.17599487304688,0;30;0;11;0
1251;Icewing Bunker;217.4250030517578,-359.7640075683594,0;30;0;11;0
1252;Iceblood Tower;-562.1719970703125,-273.5539855957031,0;30;-1;10;0
1254;Tower Point;-760.6640014648438,-347.32598876953125,0;30;-1;10;0
1255;East Frostwolf Tower;-1302.6500244140625,-305.885986328125,0;30;-1;10;0
1268;Warsong Labor Camp;1575.9100341796875,-2463.93994140625,0;1;422;6;0
1287;Ariden's Camp;-10443.2998046875,-2141.10009765625,0;0;2697;6;0
1288;Deadwind Ravine;-10572,-1841.050048828125,0;0;2697;6;0
1289;Sleeping Gorge;-10740.7998046875,-1973.6800537109375,0;0;2938;6;0
1307;Chillwind Camp;921.0540161132812,-1421.4599609375,0;0;197;6;0
1328;Dun Baldar;693.094970703125,-19.19700050354004,0;30;0;6;0
1347;Stonehearth Bunker;-160.1699981689453,-454.10699462890625,0;30;0;11;0
1348;Stormpike Aid Station;640.260986328125,-18.666099548339844,0;30;0;15;0
1349;Iceblood Graveyard;-531.3159790039062,-405.5840148925781,0;30;0;13;0
1350;Stonehearth Graveyard;65.98249816894531,-415.572998046875,0;30;0;15;0
1351;Frostwolf Relief Hut;-1415.050048828125,-305.9859924316406,0;30;0;13;0
1352;Dun Baldar North Bunker;678.0759887695312,-137.3780059814453,0;30;-1;55;0
1353;Dun Baldar North Bunker;678.43701171875,-137.09500122070312,0;30;0;9;0
1354;Dun Baldar North Bunker;678.3709716796875,-137.13999938964844,0;30;0;12;0
1355;Dun Baldar South Bunker;557.8579711914062,-88.13939666748047,0;30;-1;55;0
1356;Dun Baldar South Bunker;557.8489990234375,-88.28269958496094,0;30;0;9;0
1357;Dun Baldar South Bunker;557.7520141601562,-88.24320220947266,0;30;0;12;0
1358;Coldtooth Mine;-948.3090209960938,-193.28599548339844,0;30;0;3;0
1359;Coldtooth Mine;-948.5419921875,-193.07899475097656,0;30;0;1;0
1362;East Frostwolf Tower;-1301.219970703125,-306.5639953613281,0;30;-1;55;0
1363;East Frostwolf Tower;-1301.4000244140625,-307.1960144042969,0;30;-1;9;0
1364;East Frostwolf Tower;-1301.469970703125,-307.2409973144531,0;30;-1;12;0
1368;Frostwolf Graveyard;-1083.5400390625,-307.4330139160156,0;30;0;15;0
1369;Frostwolf Graveyard;-1083.489990234375,-307.61700439453125,0;30;-1;4;0
1370;Frostwolf Graveyard;-1083.6700439453125,-307.4360046386719,0;30;0;14;0
1371;Frostwolf Relief Hut;-1414.9300537109375,-305.60198974609375,0;30;0;15;0
1372;Frostwolf Relief Hut;-1414.7900390625,-306.01800537109375,0;30;0;14;0
1373;Frostwolf Relief Hut;-1414.8900146484375,-306.0559997558594,0;30;0;4;0
1374;Iceblood Graveyard;-531.343994140625,-405.27301025390625,0;30;0;15;0
1375;Iceblood Graveyard;-531.4019775390625,-405.32598876953125,0;30;0;4;0
1376;Iceblood Graveyard;-531.4249877929688,-405.32598876953125,0;30;0;14;0
1377;Iceblood Tower;-560.2999877929688,-271.4389953613281,0;30;-1;55;0
1378;Iceblood Tower;-560.260986328125,-271.52801513671875,0;30;-1;12;0
1379;Iceblood Tower;-560.3759765625,-271.281005859375,0;30;-1;9;0
1380;Icewing Bunker;209.1009979248047,-367.8370056152344,0;30;-1;55;0
1381;Icewing Bunker;208.78500366210938,-367.93798828125,0;30;0;9;0
1382;Icewing Bunker;209.0229949951172,-368.03399658203125,0;30;0;12;0
1383;Irondeep Mine;801.6610107421875,-330.0150146484375,0;30;0;2;0
1384;Irondeep Mine;801.4099731445312,-330.12799072265625,0;30;0;1;0
1386;Snowfall Graveyard;-202.96299743652344,-112.57499694824219,0;30;0;15;0
1387;Snowfall Graveyard;-203.1529998779297,-112.58699798583984,0;30;0;14;0
1388;Snowfall Graveyard;-203.08999633789062,-112.5979995727539,0;30;0;4;0
1389;Stonehearth Bunker;-160.26400756835938,-454.197998046875,0;30;-1;55;0
1390;Stonehearth Bunker;-160.16900634765625,-454.07598876953125,0;30;0;9;0
1391;Stonehearth Bunker;-160.4029998779297,-454.1830139160156,0;30;0;12;0
1392;Stonehearth Graveyard;65.91490173339844,-415.56201171875,0;30;0;13;0
1393;Stonehearth Graveyard;65.89070129394531,-415.5509948730469,0;30;0;4;0
1394;Stonehearth Graveyard;65.88890075683594,-415.6159973144531,0;30;0;14;0
1395;Stormpike Aid Station;641.5009765625,-17.399700164794922,0;30;0;13;0
1396;Stormpike Aid Station;640.9080200195312,-18.18670082092285,0;30;0;4;0
1397;Stormpike Aid Station;640.698974609375,-18.107799530029297,0;30;0;14;0
1398;Stormpike Graveyard;666.6420288085938,-305.5419921875,0;30;0;13;0
1399;Stormpike Graveyard;666.698974609375,-305.5329895019531,0;30;0;4;0
1400;Stormpike Graveyard;666.5709838867188,-305.4320068359375,0;30;0;14;0
1405;Tower Point;-759.1859741210938,-348.19000244140625,0;30;-1;55;0
1406;Tower Point;-759.1409912109375,-348.1199951171875,0;30;-1;12;0
1407;Tower Point;-759.2659912109375,-348.04400634765625,0;30;-1;9;0
1469;Camp Taurajo;-2352.659912109375,-1921.6700439453125,0;1;-1;4;3
1471;Splintertree Post;2286.409912109375,-2564.669921875,0;1;-1;4;3
1472;The Swarming Pillar;-7066.7900390625,731.8519897460938,0;1;3425;6;0
1473;Bones of Grakkarond;-7234.60986328125,874.2239990234375,0;1;3425;6;0
1475;Woodpaw Den;-4835.2001953125,863.0479736328125,0;1;1101;6;0
1507;Revantusk Village;-573.458984375,-4590.509765625,0;0;307;4;0
1508;Thorium Point;-6513.68017578125,-1142.760009765625,0;0;1442;6;0
1512;Mor'shan Base Camp;1035.1300048828125,-2113.340087890625,0;1;1703;6;0
1513;Silverwing Grove;1462.47998046875,-1858.9300537109375,0;1;422;6;0
1527;West Frostwolf Tower;-1297.9000244140625,-266.6130065917969,0;30;-1;10;0
1528;West Frostwolf Tower;-1297.9200439453125,-266.6289978027344,0;30;-1;55;0
1529;West Frostwolf Tower;-1298.02001953125,-266.50799560546875,0;30;-1;12;0
1530;West Frostwolf Tower;-1298.0899658203125,-266.7019958496094,0;30;-1;9;0
1551;The Weeping Cave;2249.610107421875,-2389.6298828125,0;0;198;6;0
1567;Valor's Rest;-6404.330078125,-292.6470031738281,0;1;2738;6;0
1568;Wildpaw Cavern;-1436.0999755859375,-455.6510009765625,0;30;2978;6;0
1569;Icewing Cavern;276.0559997558594,61.15169906616211,0;30;2959;6;0
1588;Yojamba Isle;-11874.599609375,1250.72998046875,0;0;-1;6;0
1609;Stables;1180.9200439453125,1185.77001953125,0;529;-1;36;0
1610;Stables;1181.56005859375,1185.5799560546875,0;529;-1;38;0
1611;Stables;1181.56005859375,1185.739990234375,0;529;-1;40;0
1612;Stables;1181.510009765625,1185.6500244140625,0;529;-1;37;0
1613;Stables;1181.5400390625,1185.5999755859375,0;529;-1;39;0
1614;Blacksmith;988.9329833984375,1012.5700073242188,0;529;-1;26;0
1615;Blacksmith;988.697021484375,1012.5800170898438,0;529;-1;28;0
1616;Blacksmith;988.93701171875,1012.3400268554688,0;529;-1;30;0
1617;Blacksmith;988.9400024414062,1012.1099853515625,0;529;-1;27;0
1618;Blacksmith;988.6929931640625,1012.8099975585938,0;529;-1;29;0
1619;Lumber Mill;813.0670166015625,1182.0899658203125,0;529;-1;21;0
1620;Lumber Mill;813.072998046875,1182.0699462890625,0;529;-1;23;0
1621;Lumber Mill;812.7470092773438,1182.1300048828125,0;529;-1;25;0
1622;Lumber Mill;812.7050170898438,1182.260009765625,0;529;-1;22;0
1623;Lumber Mill;812.7150268554688,1182.260009765625,0;529;-1;24;0
1624;Gold Mine;1178.219970703125,822.5089721679688,0;529;-1;16;0
1625;Gold Mine;1177.989990234375,822.8829956054688,0;529;-1;18;0
1626;Gold Mine;1178.3499755859375,822.8800048828125,0;529;-1;20;0
1627;Gold Mine;1178.0699462890625,822.8469848632812,0;529;-1;17;0
1628;Gold Mine;1178.1500244140625,822.6240234375,0;529;-1;19;0
1629;Farm;824.2620239257812,826.3499755859375,0;529;-1;31;0
1630;Farm;824.010986328125,826.5460205078125,0;529;-1;33;0
1631;Farm;823.875,826.5570068359375,0;529;-1;35;0
1632;Farm;824.0150146484375,826.6959838867188,0;529;-1;32;0
1633;Farm;823.875,826.4180297851562,0;529;-1;34;0
1682;Snowfall Graveyard;-202.9320068359375,-112.71600341796875,0;30;-1;8;0
1683;Misty Reed Post;-10854.7998046875,-4093.429931640625,0;0;300;6;0
1684;Brackenwall Village;-3132.97998046875,-2880.7099609375,0;1;496;15;0
1685;Cenarion Hold;-6886.14990234375,718.3980102539062,0;1;3425;4;3
1687;Twilight Base Camp;-6996.14990234375,1195.010009765625,0;1;2739;6;0
1688;Staghelm Point;-6517.490234375,97.5553970336914,0;1;3426;6;0
1689;Twilight's Run;-6310.14013671875,136.59100341796875,0;1;3426;6;0
1690;Ortell's Hideout;-7586.169921875,226.39599609375,0;1;2744;6;0
1694;Bronzebeard Encampment;-8021.759765625,1105.8399658203125,0;1;3427;6;0
1696;Under Attack;6519.56982421875,-4117.10009765625,0;1;-1;41;3
1697;Under Attack;3366.7900390625,-6226.81005859375,0;1;-1;41;3
1698;Under Attack;-11456.900390625,-2981.409912109375,0;0;-1;41;3
1699;Under Attack;-7741.18994140625,-2722.2099609375,0;0;-1;41;3
1700;Under Attack;-8277.1201171875,-3484.090087890625,0;1;-1;41;3
1701;Under Attack;2414.5,-3919.260009765625,0;0;-1;41;3
1702;Ivar's Patch;1233.050048828125,1214.280029296875,0;0;-1;6;0
1703;Valgan's Field;908.7540283203125,1255.6300048828125,0;0;227;6;0
1724;Sandworm!;-6548.72021484375,1150.510009765625,0;1;-1;42;0
1725;Sandworm!;-7786.009765625,978.8150024414062,0;1;-1;42;0
1726;Sandworm!;-7463.2998046875,1411.699951171875,0;1;-1;42;0
1727;Sandworm!;-7377.080078125,447.0459899902344,0;1;-1;42;0
1749;Eastwall Tower;2562.300048828125,-4796.9599609375,0;0;-1;6;0
1750;Eastwall Tower;2562.070068359375,-4797.240234375,0;0;139;9;0
1751;Eastwall Tower;2562.14990234375,-4797.25,0;0;139;9;0
1752;Eastwall Tower;2561.739990234375,-4797.14013671875,0;0;139;12;0
1753;Eastwall Tower;2561.909912109375,-4797.31982421875,0;0;139;12;0
1754;Eastwall Tower;2561.9599609375,-4796.83984375,0;0;139;10;0
1755;Eastwall Tower;2562.030029296875,-4797.02001953125,0;0;139;11;0
1756;Plaguewood Tower;2967.530029296875,-3034.3701171875,0;0;139;6;0
1757;Plaguewood Tower;2967.530029296875,-3034.2900390625,0;0;139;9;0
1759;Plaguewood Tower;2967.110107421875,-3034.1298828125,0;0;139;12;0
1760;Plaguewood Tower;2972.889892578125,-3034.52001953125,0;0;139;12;0
1761;Plaguewood Tower;2966.68994140625,-3033.860107421875,0;0;139;11;0
1762;Plaguewood Tower;2966.719970703125,-3034.010009765625,0;0;139;10;0
1763;Northpass Tower;3170.260009765625,-4376.4501953125,0;0;139;6;0
1764;Northpass Tower;3169.989990234375,-4376.52978515625,0;0;139;9;0
1765;Northpass Tower;3169.64990234375,-4376.6201171875,0;0;139;12;0
1766;Northpass Tower;3169.8798828125,-4376.3798828125,0;0;139;9;0
1767;Northpass Tower;3169.820068359375,-4376.169921875,0;0;139;12;0
1768;Northpass Tower;3169.139892578125,-4376.6201171875,0;0;139;11;0
1769;Northpass Tower;3168.739990234375,-4376.3701171875,0;0;139;10;0
1770;Crown Guard Tower;1853.47998046875,-3723.239990234375,0;0;139;6;0
1771;Crown Guard Tower;1853.3499755859375,-3723.330078125,0;0;139;9;0
1772;Crown Guard Tower;1853.4100341796875,-3723.260009765625,0;0;139;12;0
1773;Crown Guard Tower;1853.1300048828125,-3723.43994140625,0;0;139;9;0
1774;Crown Guard Tower;1853.5400390625,-3723.489990234375,0;0;139;12;0
1775;Crown Guard Tower;1853.469970703125,-3723.3798828125,0;0;139;11;0
1776;Crown Guard Tower;1853.510009765625,-3723.469970703125,0;0;139;10;0
1777;Plaguewood Tower;2967.449951171875,-3034.8701171875,0;0;139;9;0
7640;Alliance Runestone Base;3599.77001953125,57.81999969482422,36.04790115356445;1;-1;33;0
7641;Alliance Glaive Base;2566.510009765625,-1229.8699951171875,160.6540069580078;1;-1;33;0
7642;Alliance Research Device Base;1843.6300048828125,-2536.5400390625,104.34400177001953;1;-1;33;0
7643;Alliance Headquarters - Moonwell;1942.9000244140625,-1774.010009765625,84.22989654541016;1;-1;18;0
7644;Horde Shredder Base;3243.18994140625,492.92401123046875,18.417600631713867;1;-1;25;0
7645;Horde Headquarters - Bonfire;2061.47998046875,-559.18701171875,116.375;1;-1;30;0
7646;Horde Catapult Base;2566.320068359375,-1443.77001953125,158.24200439453125;1;-1;25;0
7647;Horde Lumber Camp Base;2250.050048828125,-2325.5,118.30899810791016;1;-1;25;0
7648;Horde Shredder Base;3243.18994140625,492.92401123046875,18.417600631713867;1;-1;21;0
7649;Horde Catapult Base;2566.320068359375,-1443.77001953125,158.24200439453125;1;-1;21;0
7650;Horde Lumber Camp Base;2250.050048828125,-2325.5,118.30899810791016;1;-1;21;0
7651;Alliance Runestone Base;3599.77001953125,57.81999969482422,36.04790115356445;1;-1;31;0
7652;Alliance Glaive Base;2566.510009765625,-1229.8699951171875,160.6540069580078;1;-1;31;0
7653;Alliance Research Device Base;1843.6300048828125,-2536.5400390625,104.34400177001953;1;-1;31;0
7713;Altar of the Blood Loa;-13227.900390625,229.29400634765625,33.39070129394531;0;-1;6;0
7714;Altar of the Blood Loa;-11825.7998046875,99.13059997558594,16.822099685668945;0;-1;6;0
7715;Altar of the Blood Loa;-11962.099609375,-925.4340209960938,39.96699905395508;0;-1;6;0
7716;Altar of the Blood Loa;-12720.2001953125,-489.4469909667969,28.96980094909668;0;-1;6;0
7717;Altar of the Blood Loa;-13677.7001953125,-256.2200012207031,8.077130317687988;0;-1;6;0
8451;The Agronomical Apothecary;341.1789855957031,255.83200073242188,91.57849884033203;0;0;7;0
8452;Simply Enchanting;324.4129943847656,316.4280090332031,90.00260162353516;0;0;7;0
8453;First to Your Aid;354.9209899902344,293.6310119628906,88.67579650878906;0;0;7;0
8454;Talismanic Textiles;364.8240051269531,278.2909851074219,88.40670013427734;0;0;7;0
8455;The Undaunted Feast;245.8179931640625,385.5639953613281,93.9384994506836;0;0;7;0
8456;Engineer and Far;336.9930114746094,238.68600463867188,90.74549865722656;0;0;0;0
8457;Eclipse with Shears;262.11700439453125,232.58900451660156,97.5551986694336;0;0;7;0
8458;Magical Menagerie;195.39300537109375,251.67999267578125,100.80400085449219;0;0;7;0
8768;Camp;-352.6440124511719,2108.889892578125,39.757198333740234;2997;16606;31;0
8771;Ruins;-349.66400146484375,1739.699951171875,3.9457199573516846;2997;16606;217;0
8772;Abandoned Tower;-132.0800018310547,1732.72998046875,44.035099029541016;2997;16606;150;0
8773;Shipwreck Cove;-109.12000274658203,2119.60009765625,1.0448100566864014;2997;16606;145;0
8774;Darkspear Flag;-224.73500061035156,1935.5799560546875,5.323160171508789;2997;16606;45;0
8825;Stormwind Harbor;-8573.4697265625,990.094970703125,96.30780029296875;0;0;7;0
